Date,Team_home,Team_away,Quarters_home,Quarters_away,Total_home,Total_away,Kicks_home,Marks_home,Handballs_home,Disposals_home,Goals_home,Behinds_home,HitOuts_home,Tackles_home,Rebound50s_home,Inside50s_home,Clearances_home,Clangers_home,FreesFor_home,FreesAgainst_home,BrownlowVotes_home,ContestedPossesions_home,UncontestedPossesions_home,ContestedMarks_home,MarksInside50s_home,OnePercenters_home,Bounces_home,GoalAssist_home,Kicks_away,Marks_away,Handballs_away,Disposals_away,Goals_away,Behinds_away,HitOuts_away,Tackles_away,Rebound50s_away,Inside50s_away,Clearances_away,Clangers_away,FreesFor_away,FreesAgainst_away,BrownlowVotes_away,ContestedPossesions_away,UncontestedPossesions_away,ContestedMarks_away,MarksInside50s_away,OnePercenters_away,Bounces_away,GoalAssist_away
2017-03-23 19:20:00,Carlton,Richmond,  4.3   7.4  12.4  14.5 ,  7.3  13.5 15.11 20.12 , 89, 132,215,99,133,348,14,5,50,67,38,48,38,49,25,12,1,138,203,14,15,55,8,8,200,65,152,352,20,12,35,87,33,61,40,55,12,25,5,149,205,11,16,33,3,13
2017-03-24 19:50:00,Collingwood,Western Bulldogs,  1.5   7.9  9.11 12.14 ,  5.1   9.1  14.6 15.10 , 86, 100,246,118,185,431,12,14,50,67,27,61,42,45,17,16,4,161,276,12,13,43,2,8,228,108,164,392,15,10,25,87,46,44,26,44,16,17,2,135,259,12,9,62,3,10
2017-03-25 16:35:00,St Kilda,Melbourne,  6.2   7.8   9.9 13.12 ,  2.3   9.4  15.7 18.12 , 90, 120,179,64,158,337,13,12,19,53,32,43,31,51,20,15,,139,199,9,10,39,6,5,255,123,199,454,18,12,54,61,24,55,44,60,15,20,6,147,306,9,17,46,2,12
2017-03-25 16:35:00,Sydney,Port Adelaide,  4.3   8.5  10.6 12.10 ,  4.2   9.3  14.4  17.8 , 82, 110,208,88,150,358,12,10,49,70,36,61,39,61,29,27,3,139,218,10,11,41,2,8,215,77,124,339,17,8,42,65,43,56,49,69,27,29,3,161,178,12,7,49,3,11
2017-03-25 19:25:00,Essendon,Hawthorn,  4.4   5.8 12.12 17.14 ,  2.3  6.10 10.14 12.19 , 116, 91,256,135,172,428,17,14,31,65,45,56,36,51,20,16,6,144,288,7,16,47,8,11,210,82,164,374,12,19,39,48,33,59,38,48,16,20,,142,227,6,9,60,5,6
2017-03-25 19:05:00,Gold Coast,Brisbane Lions,  2.2   3.5  11.6 14.12 ,  7.3  11.3  14.5  15.8 , 96, 98,198,78,169,367,14,12,40,78,24,74,41,51,20,19,3,155,221,11,17,64,18,13,192,61,150,342,15,8,35,74,56,42,33,54,19,20,3,159,170,8,7,56,4,10
2017-03-26 13:10:00,North Melbourne,West Coast,  4.6   8.8 11.10 13.15 ,  3.3   9.8  16.8 21.10 , 93, 136,168,54,173,341,13,15,51,65,29,52,37,46,20,16,,137,204,8,19,29,1,12,226,115,188,414,21,10,29,64,31,56,36,46,16,20,6,131,286,15,19,28,4,18
2017-03-26 14:45:00,Adelaide,Greater Western Sydney,  2.3   7.9 15.14 22.15 ,  4.5   6.7  11.7  14.7 , 147, 91,230,91,185,415,22,15,31,60,32,65,39,58,22,24,6,147,268,7,18,55,14,18,215,88,134,349,14,7,43,50,42,47,38,59,24,22,,130,210,12,11,34,13,11
2017-03-26 16:40:00,Fremantle,Geelong,  2.2   4.6   6.9 10.13 ,  5.1  11.3  14.5  18.7 , 73, 115,206,88,176,382,10,13,63,45,23,51,49,54,22,18,,139,242,9,11,38,2,8,194,83,169,363,18,7,18,72,37,43,33,60,18,22,6,150,212,20,11,44,19,12
2017-03-30 19:20:00,Richmond,Collingwood,  2.4   3.5   9.8 14.15 ,  2.4   4.9  7.13 11.14 , 99, 80,207,75,129,336,14,15,21,58,40,54,40,53,21,25,2,145,174,15,13,33,9,8,202,88,169,371,11,14,49,55,33,53,37,54,25,21,4,151,221,14,12,42,7,11
2017-03-31 19:50:00,Western Bulldogs,Sydney,  2.6   7.7 12.11 16.14 ,  4.1   6.5   9.7  13.9 , 110, 87,229,95,183,412,16,14,48,84,40,58,35,45,31,17,3,169,245,19,12,51,6,11,182,62,170,352,13,9,32,74,41,54,34,60,18,31,3,153,196,14,11,44,,10
2017-04-01 13:45:00,Hawthorn,Adelaide,  6.2   8.3 11.10 13.11 ,  2.2   5.8 11.14 16.17 , 89, 113,198,81,212,410,13,11,40,77,29,51,37,51,22,11,,150,256,6,10,50,6,8,194,90,174,368,16,17,45,83,36,55,39,50,11,22,6,150,230,22,17,40,2,11
2017-04-01 16:35:00,Greater Western Sydney,Gold Coast,  7.4  10.8 16.12 24.16 ,  1.2   5.4   7.8  8.10 , 160, 58,216,84,162,378,24,16,41,51,29,65,43,50,17,24,6,148,237,8,17,28,20,17,187,104,178,365,8,10,30,49,35,42,30,42,24,17,,112,251,10,8,38,12,4
2017-04-01 18:25:00,Brisbane Lions,Essendon,  3.2   5.6  11.9 12.12 ,  4.2  10.5  12.8  17.9 , 84, 111,206,76,165,371,12,12,44,53,34,55,41,64,25,27,1,149,218,12,11,42,4,8,239,127,152,391,17,9,24,50,39,53,31,60,27,25,5,141,249,11,14,44,5,14
2017-04-01 16:40:00,West Coast,St Kilda,  4.0   8.3  13.5  18.8 ,  6.7  8.12 12.17 13.19 , 116, 97,226,112,196,422,18,8,38,55,24,45,40,42,23,8,5,140,289,17,15,46,4,14,209,76,152,361,13,19,46,66,26,45,41,56,8,23,1,138,219,5,11,47,1,6
2017-04-02 13:10:00,Geelong,North Melbourne,  2.1   7.6  12.7 17.10 ,  6.2   8.6  16.8  17.9 , 112, 111,189,78,167,356,17,10,21,50,34,57,38,51,20,25,2,135,221,11,14,44,5,13,211,97,147,358,17,9,54,66,39,54,35,44,25,20,4,144,218,17,14,27,3,13
2017-04-02 15:20:00,Melbourne,Carlton,  3.2   6.4   7.5  13.8 ,  2.2   4.6   7.8  9.10 , 86, 64,251,133,171,422,13,8,30,62,47,54,30,54,25,18,6,138,287,9,12,46,5,7,223,117,135,358,9,10,26,45,38,56,27,60,18,25,,131,231,6,10,40,8,6
2017-04-02 16:10:00,Port Adelaide,Fremantle,  7.3  11.8  18.9 22.13 ,  2.1   3.3   7.4   8.8 , 145, 56,225,100,175,400,22,13,30,62,34,68,36,50,21,18,6,160,246,16,22,59,14,15,191,87,169,360,8,8,48,47,45,43,39,49,18,21,,126,230,10,8,51,8,5
2017-04-07 19:50:00,Sydney,Collingwood,  1.1   5.7  7.11 11.13 ,  4.4   7.4   9.8 11.14 , 79, 80,190,67,176,366,11,13,45,88,43,52,40,44,11,13,,161,206,6,12,57,1,9,237,101,199,436,11,14,48,115,34,57,40,47,13,11,6,162,272,11,14,61,9,9
2017-04-08 13:45:00,North Melbourne,Greater Western Sydney,  3.2   5.4   8.6  10.7 ,  3.4  6.11  9.15 15.19 , 67, 109,196,89,199,395,10,7,36,65,50,49,32,52,19,20,,137,255,13,8,36,6,5,208,68,178,386,15,19,39,71,37,71,49,55,20,19,6,166,224,10,10,48,22,9
2017-04-08 14:10:00,Richmond,West Coast,  2.2   5.6   9.8 11.10 ,  2.6  5.13  7.14  8.17 , 76, 65,236,69,163,399,11,10,27,76,46,63,34,70,21,26,6,159,225,5,12,57,9,7,208,86,162,370,8,17,52,67,49,56,38,54,27,21,,134,234,7,13,61,8,6
2017-04-08 16:35:00,Geelong,Melbourne,  5.2   9.2  14.2  20.6 ,  2.4  7.11 12.17 13.19 , 126, 97,180,69,223,403,20,6,56,65,33,46,43,51,17,17,5,161,240,9,16,37,2,14,230,100,179,409,13,19,32,78,25,57,37,47,17,17,1,148,259,3,17,43,2,7
2017-04-08 17:40:00,Fremantle,Western Bulldogs,  4.4   6.7  8.10 13.11 ,  1.3   5.6 10.12 10.13 , 89, 73,212,100,194,406,13,11,43,54,34,45,36,54,14,14,6,141,263,11,10,35,3,6,209,89,213,422,10,13,24,63,29,47,35,50,14,14,,146,274,12,12,36,3,9
2017-04-08 19:10:00,Port Adelaide,Adelaide,  4.6   6.6   9.8 12.11 ,  3.3   7.9 11.10 15.10 , 83, 100,202,69,134,336,12,11,52,80,33,58,43,54,26,21,2,145,185,13,9,55,10,8,223,82,164,387,15,10,46,79,38,53,44,64,21,26,4,176,216,11,17,45,11,10
2017-04-09 13:10:00,St Kilda,Brisbane Lions,  4.4  7.10  9.16 14.23 ,  1.2   5.4   9.8 11.10 , 107, 76,225,104,136,361,14,23,37,73,35,59,40,46,20,23,5,154,209,22,22,47,4,6,186,87,171,357,11,10,47,72,38,46,39,51,23,20,1,133,214,10,6,41,1,10
2017-04-09 15:20:00,Carlton,Essendon,  1.5  3.10  5.14  7.15 ,  3.1   4.3   6.4   6.6 , 57, 42,249,78,102,351,7,15,41,110,31,59,46,55,21,14,6,161,174,9,5,69,1,3,216,52,133,349,6,6,52,99,49,37,37,71,14,21,,157,175,6,6,63,,3
2017-04-09 16:40:00,Gold Coast,Hawthorn,  3.3   7.8 17.10 21.13 ,  2.3   3.6  6.10  7.11 , 139, 53,256,98,242,498,21,13,48,57,29,64,51,47,19,14,6,180,313,6,9,57,11,11,190,89,153,343,7,11,39,74,37,36,26,50,14,19,,118,219,7,9,54,1,3
2017-04-13 18:10:00,West Coast,Sydney,  2.2   5.9  9.10 13.13 ,  2.2   4.3   7.4  10.5 , 91, 65,231,98,165,396,13,13,58,73,30,54,34,51,23,16,4,153,246,11,7,58,3,9,203,72,158,361,10,5,33,72,38,41,43,63,16,23,2,157,201,7,8,48,5,8
2017-04-14 16:20:00,North Melbourne,Western Bulldogs,  2.4   4.7  8.11 12.14 ,  2.2   2.8  7.15 12.17 , 86, 89,193,86,202,395,12,14,46,75,46,45,41,47,21,16,2,149,238,10,14,40,3,7,188,83,189,377,12,17,39,81,29,61,34,41,16,21,4,131,244,10,9,32,4,9
2017-04-15 13:45:00,Melbourne,Fremantle,  2.5   9.7  9.10 15.14 ,  3.2   6.4  13.8 16.10 , 104, 106,210,95,179,389,15,14,22,72,39,50,36,57,21,15,,144,245,12,13,52,7,8,193,85,162,355,16,10,58,73,33,58,38,57,15,21,6,135,229,11,10,38,2,12
2017-04-15 16:35:00,Greater Western Sydney,Port Adelaide,  4.5   8.7 11.10 16.16 ,  4.2   8.8 11.14 11.15 , 112, 81,233,91,197,430,16,16,54,77,39,63,49,45,18,19,6,162,262,10,15,44,10,10,191,84,127,318,11,15,31,58,41,51,30,42,19,18,,139,181,11,10,53,4,7
2017-04-15 19:25:00,Carlton,Gold Coast,  2.4   6.6   7.7 12.10 ,  3.0   6.1  13.3  17.6 , 82, 108,223,109,98,321,12,10,25,82,26,44,28,32,20,10,,118,201,12,13,35,10,8,229,118,212,441,17,6,40,44,32,46,39,54,10,20,6,131,304,12,18,31,12,12
2017-04-15 19:10:00,Adelaide,Essendon,  9.2  15.6  17.7  24.9 ,  3.2   7.2  10.9 13.10 , 153, 88,206,75,207,413,24,9,39,60,30,63,39,50,17,15,6,157,254,13,19,46,10,17,229,109,228,457,13,10,45,48,37,47,39,66,15,18,,142,312,6,14,46,11,10
2017-04-16 15:20:00,Collingwood,St Kilda,  2.6   3.7   5.8  7.13 ,  1.3   4.7  8.12  9.15 , 55, 69,204,94,187,391,7,13,39,56,47,50,40,58,20,17,1,152,246,8,12,56,7,4,248,137,170,418,9,15,27,87,39,66,22,53,17,20,5,138,280,19,18,47,12,5
2017-04-16 16:40:00,Brisbane Lions,Richmond,  3.2   4.3   8.6  10.7 ,  5.6  10.9 13.14 17.17 , 67, 119,228,117,132,360,10,7,53,62,36,51,43,59,28,20,2,117,237,9,9,43,7,6,200,74,137,337,17,17,20,50,39,60,30,59,20,28,4,130,203,10,16,32,9,10
2017-04-17 15:20:00,Hawthorn,Geelong,  2.0   2.6  4.10  6.12 ,  2.7  5.12  9.14 20.14 , 48, 134,198,93,183,381,6,12,27,84,38,46,36,62,26,24,,126,256,10,6,55,5,6,197,73,226,423,20,14,51,74,33,60,37,59,24,26,6,154,274,9,14,44,8,13
2017-04-21 19:20:00,Port Adelaide,Carlton,  5.3   8.6 14.16 20.17 ,  1.4   2.9   2.9  6.11 , 137, 47,237,105,211,448,20,17,47,79,30,71,41,45,11,12,6,143,303,10,15,68,9,14,214,99,150,364,6,11,34,49,43,38,35,52,12,11,,133,229,8,6,49,1,4
2017-04-22 13:45:00,Western Bulldogs,Brisbane Lions,  3.7  5.13  9.18 17.20 ,  5.0  12.3  12.5  14.6 , 122, 90,223,100,196,419,17,20,39,69,29,62,41,56,20,14,1,151,268,11,21,59,6,14,210,94,150,360,14,6,50,81,37,44,40,66,14,20,5,124,226,7,8,54,1,12
2017-04-22 16:35:00,Gold Coast,Adelaide,  2.2   4.3   8.5  13.8 ,  7.6  11.9 17.12 23.15 , 86, 153,223,104,180,403,13,8,34,49,38,49,33,61,15,17,,138,264,10,12,50,12,9,205,80,217,422,23,15,34,63,32,62,32,52,17,15,6,148,279,13,17,51,7,16
2017-04-22 19:25:00,Sydney,Greater Western Sydney,  4.1   4.4   8.7   9.9 ,  5.5   9.6 11.11 15.15 , 63, 105,183,86,143,326,9,9,29,65,40,41,26,44,25,17,,108,212,5,10,34,3,9,226,106,160,386,15,15,67,67,30,56,42,53,17,26,6,142,251,10,11,46,9,12
2017-04-22 17:40:00,Fremantle,North Melbourne,  2.3   2.6  4.10  9.13 ,  2.3   6.5   7.7   9.8 , 67, 62,207,81,184,391,9,13,56,59,34,48,42,54,23,23,3,152,238,11,11,39,5,8,190,87,180,370,9,8,27,71,33,44,35,58,22,23,3,130,244,5,11,43,3,6
2017-04-23 15:20:00,St Kilda,Geelong,  4.1   8.5  12.7 13.10 ,  6.1   8.3  11.8 19.12 , 88, 126,197,82,174,371,13,10,30,67,44,52,32,69,22,24,2,132,240,3,10,56,12,8,227,101,222,449,19,12,43,82,37,65,37,57,24,22,4,156,298,14,14,43,6,12
2017-04-23 16:40:00,Hawthorn,West Coast,  3.4   9.8  12.9 19.11 ,  2.2   5.5   7.8  11.9 , 125, 75,245,99,211,456,19,11,51,72,34,56,39,44,16,10,6,163,286,10,11,75,6,13,186,80,173,359,11,9,40,79,33,49,41,50,10,16,,141,219,15,12,51,3,7
2017-04-24 19:25:00,Richmond,Melbourne,  3.1   6.6  7.11 12.16 ,  3.4   7.6  11.7  11.9 , 88, 75,198,51,128,326,12,16,60,88,46,57,47,66,23,21,6,163,144,6,9,62,4,9,199,53,185,384,11,9,27,79,38,61,39,65,21,23,,171,217,6,4,69,4,9
2017-04-25 15:20:00,Essendon,Collingwood,  4.3   6.6  11.9 15.10 ,  1.2   5.9  9.12 11.16 , 100, 82,222,91,169,391,15,10,35,65,52,43,41,49,9,9,3,145,237,8,15,49,3,10,216,90,169,385,11,16,46,69,24,65,37,52,9,9,3,151,234,10,13,41,2,5
2017-04-28 19:50:00,Greater Western Sydney,Western Bulldogs,  3.3   6.3   8.6  11.9 ,  2.4  6.12  7.17  9.19 , 75, 73,218,95,163,381,11,9,62,74,50,50,40,59,18,26,2,154,226,15,10,47,5,8,203,72,169,372,9,19,25,72,36,63,38,48,26,18,4,158,209,7,8,61,6,3
2017-04-29 13:45:00,Hawthorn,St Kilda,  2.1   3.4   4.5   8.7 ,  3.5   6.8 14.13 19.16 , 55, 130,215,120,170,385,8,7,33,44,32,44,29,50,10,17,,114,270,11,8,66,2,6,253,123,215,468,19,16,38,61,35,56,35,44,17,10,6,146,324,14,15,40,11,13
2017-04-29 14:10:00,Carlton,Sydney,  1.3   5.4  10.7  15.7 ,  3.2   6.6  8.10 11.12 , 97, 78,251,122,139,390,15,7,41,79,32,52,32,42,20,15,6,140,251,12,13,54,4,10,194,80,167,361,11,12,32,79,36,48,33,45,15,20,,141,223,8,11,52,10,6
2017-04-29 16:35:00,Brisbane Lions,Port Adelaide,  2.2   3.4   7.5  10.7 ,  7.4 11.11 18.14 22.18 , 67, 150,206,95,194,400,10,7,31,42,38,38,37,58,25,14,,114,281,4,6,40,4,6,233,120,153,386,22,18,33,48,26,67,34,53,14,25,6,133,254,15,22,47,13,17
2017-04-29 19:25:00,North Melbourne,Gold Coast,  3.4   7.8  12.9 16.11 ,  4.4   7.6  11.8 14.10 , 107, 94,202,97,177,379,16,11,33,61,40,61,34,62,20,20,3,138,244,14,15,39,15,8,203,91,187,390,14,10,40,59,41,55,39,54,20,20,3,131,255,7,12,41,14,13
2017-04-29 18:10:00,West Coast,Fremantle,  7.2  10.5  13.6  16.7 ,  1.2   3.2   6.4   9.8 , 103, 62,261,137,186,447,16,7,25,69,38,52,39,49,20,13,6,148,296,15,11,43,6,8,194,84,164,358,9,8,54,60,36,51,35,56,13,20,,127,223,8,6,37,5,2
2017-04-30 13:10:00,Essendon,Melbourne,  2.2   4.8  6.12 10.14 ,  2.4   4.6  12.9 17.10 , 74, 112,248,138,124,372,10,14,45,46,36,54,31,54,18,17,,142,233,24,8,38,4,7,240,111,179,419,17,10,25,48,40,55,40,61,17,18,6,131,278,10,13,51,5,12
2017-04-30 15:20:00,Geelong,Collingwood,  3.1   5.4   8.7 11.12 ,  3.5   7.9 13.12 15.17 , 78, 107,206,101,192,398,11,12,30,61,41,49,32,52,20,15,1,118,277,9,11,37,11,7,231,117,185,416,15,17,42,57,35,59,33,47,15,20,5,123,295,9,13,45,6,12
2017-04-30 16:10:00,Adelaide,Richmond,  5.0  11.6 18.11 21.14 ,  6.3   7.3   8.3  10.4 , 140, 64,250,125,211,461,21,14,63,70,38,60,46,51,21,15,6,181,286,25,21,39,3,13,177,58,157,334,10,4,41,82,34,50,38,57,15,21,,155,176,14,9,56,8,8
2017-05-05 19:50:00,St Kilda,Greater Western Sydney,  2.4   6.7  10.9 16.12 ,  4.2   7.6 11.10 12.13 , 108, 85,216,84,173,389,16,12,49,87,32,57,49,40,22,10,4,155,231,7,10,49,11,11,194,74,197,391,12,13,45,78,35,46,38,55,10,22,2,143,254,3,11,58,5,8
2017-05-06 13:45:00,North Melbourne,Adelaide, 10.4  12.6 17.12 22.13 ,  0.0   5.6   9.7  13.8 , 145, 86,218,77,170,388,22,13,45,90,37,79,47,59,23,16,6,161,228,11,12,51,6,14,195,69,194,389,13,8,38,50,49,56,34,70,16,23,,168,226,16,9,53,5,6
2017-05-06 14:10:00,Collingwood,Carlton,  1.3   3.5   7.6   8.8 ,  3.4   6.5  11.5  12.7 , 56, 79,186,83,159,345,8,8,35,73,25,45,35,61,23,16,2,129,213,17,8,47,9,4,222,108,137,359,12,7,40,77,35,41,29,50,16,23,4,145,215,16,11,41,5,8
2017-05-06 16:05:00,Port Adelaide,West Coast,  2.3   5.7  7.13 12.15 ,  4.1   7.3  12.4  15.7 , 87, 97,241,118,180,421,12,15,48,62,23,68,44,52,20,16,1,146,276,19,12,58,11,9,212,97,138,350,15,7,30,58,48,39,35,59,16,20,5,156,198,17,7,41,5,11
2017-05-06 19:25:00,Western Bulldogs,Richmond,  1.1   4.6  8.11 11.14 ,  5.3   7.6   9.7  11.9 , 80, 75,212,88,216,428,11,14,27,74,32,62,40,50,25,13,5,148,274,10,13,54,7,8,200,91,151,351,11,9,50,67,48,47,32,56,13,25,1,145,200,22,11,41,6,10
2017-05-06 19:25:00,Gold Coast,Geelong,  5.5   9.9 12.11 18.16 ,  3.1   7.3  10.7  15.9 , 124, 99,231,107,214,445,18,16,52,75,31,71,40,41,12,9,6,154,288,15,15,47,10,13,194,81,184,378,15,9,34,66,48,48,36,49,9,13,,142,227,10,10,45,8,11
2017-05-07 13:10:00,Sydney,Brisbane Lions,  7.5 12.10 17.13 20.15 ,  2.0   6.2   9.5  12.9 , 135, 81,214,102,177,391,20,15,32,55,35,54,36,56,15,18,6,129,258,11,21,26,17,13,202,97,139,341,12,9,43,55,30,48,37,51,18,15,,128,213,4,8,39,5,5
2017-05-07 15:20:00,Melbourne,Hawthorn,  1.1   4.2  11.6  14.7 ,  5.4   8.7  11.7 14.10 , 91, 94,193,75,237,430,14,7,24,83,30,54,37,40,15,10,3,153,280,11,10,59,2,8,218,106,138,356,14,10,61,83,37,48,30,39,10,16,3,128,223,19,9,61,7,10
2017-05-07 14:40:00,Fremantle,Essendon,  2.2   5.6 11.10 17.14 ,  4.3   7.7 11.12 11.13 , 116, 79,239,134,176,415,17,14,59,39,28,56,41,42,21,12,6,136,283,18,23,31,8,9,181,92,149,330,11,13,18,66,34,41,28,54,12,21,,116,218,14,12,52,3,9
2017-05-12 18:10:00,West Coast,Western Bulldogs,  4.2   8.6  9.10  9.15 ,  1.4   5.7  6.11  8.13 , 69, 61,226,123,187,413,9,15,36,58,39,47,28,41,12,15,6,126,290,13,15,45,1,5,191,75,215,406,8,13,37,70,33,50,32,39,15,12,,133,265,6,12,47,11,7
2017-05-13 13:45:00,Hawthorn,Brisbane Lions,  4.3   7.7 11.11 17.11 ,  2.2   5.4   7.6  11.9 , 113, 75,229,111,154,383,17,11,50,74,29,56,47,52,24,20,4,148,232,11,18,58,4,14,172,61,134,306,11,9,63,93,36,43,42,58,20,24,2,131,165,8,8,35,2,6
2017-05-13 14:10:00,St Kilda,Carlton,  4.3   6.5   9.8 12.13 ,  4.0   6.1   9.3  10.6 , 85, 66,215,106,205,420,12,13,34,49,23,55,33,57,17,16,4,136,287,9,14,39,5,10,235,130,116,351,10,6,26,66,37,33,29,45,16,17,2,116,222,19,12,30,3,7
2017-05-13 16:35:00,Greater Western Sydney,Collingwood,  2.2   8.5  12.8 15.12 ,  6.4   8.6  12.7  15.9 , 102, 99,212,87,193,405,15,12,38,79,30,56,41,31,10,9,5,151,252,12,16,33,9,9,209,101,179,388,15,9,46,51,33,50,41,40,9,10,1,145,241,15,13,50,4,9
2017-05-13 19:25:00,Essendon,Geelong,  6.2   9.4  14.7  17.8 ,  1.5   3.8   7.9 13.15 , 110, 93,218,101,173,391,17,8,39,81,42,47,30,50,30,19,6,131,250,7,14,40,9,16,181,76,157,338,13,15,45,40,28,58,47,57,19,30,,151,191,13,13,44,6,7
2017-05-13 19:10:00,Adelaide,Melbourne,  1.4   6.7   7.8  9.12 ,  2.2   5.3  12.5  17.5 , 66, 107,184,69,195,379,9,12,76,71,33,49,38,63,16,21,,156,225,12,12,56,6,7,213,73,207,420,17,5,29,89,36,53,49,55,21,16,6,172,246,9,15,57,,11
2017-05-14 13:10:00,Richmond,Fremantle,  2.1   5.1   5.5 10.10 ,  2.3   5.6  9.11 10.12 , 70, 72,193,81,167,360,10,10,23,57,34,53,35,45,16,17,,133,220,13,14,54,7,6,218,120,184,402,10,12,47,69,41,45,25,46,17,16,6,138,269,18,15,50,7,8
2017-05-14 13:15:00,Gold Coast,Port Adelaide,  1.1   3.5   4.9  4.14 ,  4.4  10.5 13.10 16.14 , 38, 110,221,93,238,459,4,14,37,67,58,48,33,65,19,21,,148,306,6,3,61,14,3,255,102,197,452,16,14,42,73,41,75,42,57,21,19,6,168,279,9,9,53,11,8
2017-05-14 16:40:00,North Melbourne,Sydney,  3.3   7.5   8.8 11.12 ,  5.2  11.7  15.9 18.12 , 78, 120,166,61,171,337,11,12,43,83,35,49,35,47,19,12,,133,197,12,8,43,10,4,243,117,192,435,18,12,38,54,34,57,38,49,12,19,6,170,271,14,15,32,5,9
2017-05-19 19:50:00,Geelong,Western Bulldogs,  3.0   8.5   9.5  16.8 ,  4.3   4.3  10.8  12.9 , 104, 81,186,69,195,381,16,8,60,134,32,54,46,61,17,21,6,162,220,13,7,38,5,9,182,57,207,389,12,9,43,104,34,48,39,51,21,17,,158,231,6,11,51,6,8
2017-05-20 13:45:00,St Kilda,Sydney,  3.2   5.4   7.5  10.8 ,  4.2   7.3  12.8 18.10 , 68, 118,204,94,220,424,10,8,40,73,38,47,37,52,19,17,,141,292,5,6,49,10,8,241,129,190,431,18,10,33,51,36,56,28,54,17,18,6,146,288,9,18,44,4,11
2017-05-20 16:35:00,Greater Western Sydney,Richmond,  1.2   4.5   6.9 11.12 ,  6.3   7.8 10.10 10.15 , 78, 75,202,78,152,354,11,12,41,64,46,45,39,51,17,18,2,142,212,5,10,55,12,7,226,98,147,373,10,15,25,57,27,61,27,58,18,17,4,153,208,19,17,49,5,8
2017-05-20 19:25:00,Brisbane Lions,Adelaide,  3.6  4.11  5.12  7.18 ,  3.3  10.5  17.9 21.14 , 60, 140,211,72,148,359,7,18,36,66,38,51,34,66,15,21,,149,210,6,5,67,,4,257,99,185,442,21,14,40,60,37,67,38,64,21,15,6,162,269,11,18,56,7,18
2017-05-20 19:25:00,Collingwood,Hawthorn,  0.1   4.6  9.11 13.12 ,  6.1  10.4  10.5  11.6 , 90, 72,230,113,193,423,13,12,49,92,36,51,45,42,16,12,3,151,281,9,12,53,4,11,212,93,160,372,11,6,52,92,32,47,40,39,12,16,3,144,229,7,7,57,4,7
2017-05-21 13:10:00,Essendon,West Coast,  5.2  12.8 16.10 19.11 ,  2.4   3.7  5.13  8.16 , 125, 64,272,152,181,453,19,11,44,68,38,49,34,48,18,15,6,143,312,10,12,56,8,11,179,88,155,334,8,16,32,73,27,48,28,47,15,18,,112,227,9,12,45,5,5
2017-05-21 15:20:00,Melbourne,North Melbourne,  2.5   8.7   9.9 13.12 ,  6.7   8.9 12.13 15.14 , 90, 104,178,69,193,371,13,12,28,78,38,54,39,47,10,21,1,147,225,11,11,49,5,11,196,85,167,363,15,14,67,94,37,59,34,39,22,10,5,144,214,10,16,35,7,11
2017-05-21 14:40:00,Fremantle,Carlton,  1.2   5.4  10.7  13.8 ,  4.4   5.6   6.9   7.9 , 86, 51,218,69,161,379,13,8,43,79,35,52,43,70,24,21,6,162,208,11,2,51,2,6,247,100,131,378,7,9,36,72,38,43,35,72,21,24,,150,223,10,8,44,3,3
2017-05-25 19:20:00,Geelong,Port Adelaide,  1.5   6.8  9.14 11.15 ,  3.1   5.6   9.9 11.13 , 81, 79,208,90,177,385,11,15,38,90,30,58,32,36,26,17,4,145,229,16,11,44,7,6,192,71,121,313,11,13,41,74,43,44,40,53,17,26,2,147,155,16,13,43,6,5
2017-05-26 19:50:00,Sydney,Hawthorn,  2.4   4.6   9.7  11.9 ,  5.1   8.3  10.6  12.9 , 75, 81,176,58,154,330,11,9,59,67,36,48,50,44,20,12,3,150,183,11,6,54,2,10,255,123,153,408,12,9,47,67,36,54,41,51,12,20,3,131,283,7,7,65,3,8
2017-05-27 13:45:00,Western Bulldogs,St Kilda,  2.2   5.6  10.9 13.12 ,  2.1   3.2   5.5   7.8 , 90, 50,188,76,247,435,13,12,29,63,39,58,32,38,15,11,5,143,296,6,14,49,13,12,217,109,219,436,7,8,58,95,40,49,39,51,11,15,1,141,291,11,9,43,6,6
2017-05-27 16:05:00,Melbourne,Gold Coast,  2.1   4.8  9.10 18.14 ,  4.5   7.7   9.8  13.9 , 122, 87,239,104,204,443,18,14,16,73,24,71,37,56,14,14,5,165,290,12,18,60,11,12,185,80,187,372,13,9,54,55,50,40,35,63,14,14,1,149,225,19,9,41,10,8
2017-05-27 19:25:00,Richmond,Essendon,  4.4   6.9  9.12 11.15 ,  6.0   8.1  10.3  10.6 , 81, 66,234,92,134,368,11,15,28,70,30,71,33,47,18,15,4,140,221,7,16,57,12,8,203,82,212,415,10,6,47,72,55,42,38,67,15,18,2,148,264,12,8,61,4,7
2017-05-27 19:10:00,Adelaide,Fremantle,  5.9  9.18 16.21 20.23 ,  1.0   2.1   4.2   6.7 , 143, 43,260,93,175,435,20,23,49,83,33,72,41,63,19,19,6,177,255,11,13,66,9,11,203,52,130,333,6,7,34,73,44,40,36,67,19,19,,139,173,5,2,55,3,4
2017-05-28 13:10:00,Collingwood,Brisbane Lions,  5.5  9.10 11.16 18.21 ,  4.3   6.3  10.6  13.6 , 129, 84,253,114,191,444,18,21,43,67,18,72,38,55,20,22,5,146,298,11,21,57,9,13,176,69,134,310,13,6,27,63,45,33,32,57,22,20,1,125,180,11,6,52,1,9
2017-05-28 15:20:00,Carlton,North Melbourne,  2.0   7.2  12.4  15.6 ,  7.2  11.3  12.6 17.11 , 96, 113,220,89,186,406,15,6,52,95,33,44,46,61,21,24,4,154,253,5,8,51,14,12,183,80,173,356,17,11,40,79,27,52,42,42,24,21,2,140,218,8,16,41,5,11
2017-05-28 14:40:00,West Coast,Greater Western Sydney,  5.0   6.2   9.3  14.6 ,  2.4   4.7  8.12 14.14 , 90, 98,215,85,214,429,14,6,42,60,37,43,31,54,16,8,,146,289,15,7,58,8,8,219,90,181,400,14,14,52,59,27,56,54,46,8,16,6,145,256,14,11,70,10,12
2017-06-01 19:20:00,Port Adelaide,Hawthorn,  6.5   9.8 10.15 13.20 ,  0.0   0.3   3.4   7.5 , 98, 47,236,107,184,420,13,20,42,68,18,64,38,44,20,15,6,163,253,18,14,46,2,9,203,99,142,345,7,5,43,81,47,26,30,56,15,19,,125,221,7,6,61,4,3
2017-06-02 19:50:00,Geelong,Adelaide,  3.6  9.10 12.13 13.18 ,  2.3   5.5   7.9 10.14 , 96, 74,225,92,204,429,13,18,41,77,37,52,40,49,24,23,6,164,265,8,15,50,7,7,186,60,135,321,10,14,50,82,32,51,42,47,23,24,,130,177,6,10,55,9,7
2017-06-03 13:45:00,Gold Coast,West Coast,  2.5  5.10  9.10 11.14 ,  3.3   5.5   7.8 11.11 , 80, 77,243,126,182,425,11,14,40,74,37,49,28,50,14,15,5,135,288,13,12,44,14,8,211,106,148,359,11,11,35,57,33,50,36,37,15,14,1,116,233,9,11,39,6,9
2017-06-03 16:35:00,Greater Western Sydney,Essendon,  3.3  10.5  15.5  18.9 ,  5.3   7.7 10.10 15.11 , 117, 101,229,115,150,379,18,9,37,59,29,54,39,46,19,18,6,127,248,12,9,36,9,13,199,101,162,361,15,11,43,52,34,45,33,47,18,19,,116,245,17,17,45,8,11
2017-06-03 19:25:00,North Melbourne,Richmond,  2.4   7.6   8.9  9.12 ,  3.4  6.10 12.13 14.17 , 66, 101,187,63,207,394,9,12,39,48,40,46,31,62,14,17,,144,244,7,8,45,5,8,244,120,189,433,14,17,28,75,31,58,41,65,17,14,6,139,289,13,15,46,15,10
2017-06-04 14:40:00,Fremantle,Collingwood,  2.1   5.5  10.6 12.13 ,  3.5   7.9 11.13 15.15 , 85, 105,183,75,138,321,12,13,28,61,42,41,36,54,17,19,1,128,193,11,7,45,11,6,257,149,179,436,15,15,42,55,24,59,41,59,19,17,5,135,307,11,15,49,22,12
2017-06-08 19:20:00,Sydney,Western Bulldogs,  2.2   5.8  9.14 12.16 ,  1.2   2.3   6.3   6.6 , 88, 42,241,106,173,414,12,16,65,63,31,70,39,48,22,13,6,162,252,17,16,50,1,8,176,65,195,371,6,6,16,71,50,39,31,54,13,22,,146,228,7,5,49,1,5
2017-06-09 19:20:00,Adelaide,St Kilda,  5.6   8.9 11.11 16.15 ,  1.1   2.4  3.10  7.12 , 111, 54,213,92,205,418,16,15,42,63,32,61,37,57,27,15,6,159,259,13,13,45,14,6,194,78,219,413,7,12,34,60,38,45,35,65,15,27,,154,252,17,13,42,1,5
2017-06-10 13:45:00,Hawthorn,Gold Coast,  2.3   4.4   7.6  12.7 ,  3.4   6.7 11.14 13.17 , 79, 95,181,87,189,370,12,7,36,89,28,46,27,52,15,15,1,113,257,7,7,38,21,11,221,111,203,424,13,17,52,73,33,49,42,41,15,15,5,144,291,9,17,54,8,9
2017-06-10 16:35:00,Brisbane Lions,Fremantle,  6.0  11.3 15.11 18.13 ,  2.2   6.7   7.7  9.10 , 121, 64,258,123,185,443,18,13,38,65,30,65,46,46,22,9,6,149,289,8,11,54,4,13,188,82,133,321,9,10,38,59,39,43,28,59,9,22,,121,197,7,5,50,3,5
2017-06-10 19:25:00,Essendon,Port Adelaide,  7.6  12.9 14.13 19.17 ,  1.3   4.5   7.7  8.13 , 131, 61,237,104,211,448,19,17,23,70,40,67,35,49,14,17,6,150,292,13,11,47,27,6,202,90,160,362,8,13,49,74,42,51,35,48,17,14,,139,226,11,12,58,5,5
2017-06-11 15:20:00,Carlton,Greater Western Sydney,  4.1   7.4   8.7 10.11 ,  2.6   5.8   7.9  9.16 , 71, 70,214,107,145,359,10,11,39,55,40,41,23,58,22,17,3,132,229,6,10,49,2,6,196,95,192,388,9,16,30,69,29,55,41,55,17,22,3,123,266,8,11,43,11,5
2017-06-12 15:20:00,Melbourne,Collingwood,  4.3   6.6  12.9 15.14 ,  3.2  10.5  12.8 15.10 , 104, 100,199,62,179,378,15,14,14,86,44,57,35,57,23,19,2,159,215,6,16,53,8,10,225,112,181,406,15,10,65,82,35,61,35,65,19,23,4,153,251,18,14,43,16,12
2017-06-15 18:10:00,West Coast,Geelong,  4.3   7.9  8.14 11.17 ,  1.2   2.3   5.6 10.10 , 83, 70,193,72,154,347,11,17,40,93,30,59,39,40,16,13,4,155,195,7,10,52,6,6,161,67,184,345,10,10,52,74,36,43,44,57,13,16,2,153,200,17,9,55,3,7
2017-06-16 19:50:00,North Melbourne,St Kilda,  2.5   2.6   4.9 10.12 ,  5.3   8.8  9.15 12.17 , 72, 89,174,76,204,378,10,12,37,69,33,50,33,60,17,19,1,139,243,10,10,46,13,6,206,101,175,381,12,17,32,72,37,56,30,48,19,17,5,132,247,8,14,41,8,9
2017-06-17 13:45:00,Richmond,Sydney,  5.3   7.6   9.7 10.11 ,  0.4   3.5   7.6  12.8 , 71, 80,233,107,155,388,10,11,21,73,43,48,32,61,23,18,1,148,234,6,10,52,13,5,201,88,152,353,12,8,50,67,34,55,36,61,18,23,5,150,214,13,8,38,9,8
2017-06-17 16:05:00,Port Adelaide,Brisbane Lions,  5.6   8.9 14.10 18.13 ,  3.3   6.6  10.6  12.9 , 121, 81,218,82,165,383,18,13,53,66,28,66,45,63,19,19,5,168,209,15,14,53,8,11,211,96,169,380,12,9,26,66,41,43,36,61,19,18,1,151,237,3,3,51,2,4
2017-06-17 19:25:00,Gold Coast,Carlton,  1.1   3.2   7.6  11.7 ,  4.4   6.8   7.9 12.11 , 73, 83,178,50,134,312,11,7,42,77,36,44,32,53,18,21,,137,177,5,6,48,5,9,255,104,152,407,12,11,38,80,31,54,39,53,21,18,6,163,242,13,11,62,3,10
2017-06-18 15:20:00,Western Bulldogs,Melbourne,  0.1   3.3   6.5   8.8 ,  4.2   8.6  14.7 17.11 , 56, 113,189,62,223,412,8,8,61,85,33,49,34,61,24,25,,160,251,5,3,49,5,6,231,108,198,429,17,11,19,85,40,54,40,68,25,24,6,173,267,15,15,55,4,13
2017-06-22 19:20:00,Adelaide,Hawthorn,  4.2   9.4  10.6 12.10 ,  4.2   6.4   9.7 14.12 , 82, 96,216,89,190,406,12,10,48,75,25,56,40,62,25,13,,152,253,7,8,51,4,9,220,97,199,419,14,12,41,68,38,44,35,59,13,25,6,148,273,8,12,64,2,9
2017-06-23 19:50:00,Sydney,Essendon,  2.5  5.11  8.17 11.20 ,  2.4   4.9  7.11 12.13 , 86, 85,234,112,157,391,11,20,34,64,38,51,36,51,18,18,3,147,244,19,15,29,3,6,198,95,162,360,12,13,27,55,39,52,30,49,18,18,3,133,228,9,12,51,3,7
2017-06-24 13:45:00,Collingwood,Port Adelaide,  1.0   4.3   6.7   9.8 ,  4.3   6.8 11.11 13.15 , 62, 93,235,124,206,441,9,8,31,57,33,47,35,56,20,20,1,145,303,14,9,42,3,6,210,102,153,363,13,15,35,64,36,53,33,51,20,20,5,142,219,17,11,46,10,11
2017-06-24 16:35:00,Brisbane Lions,Greater Western Sydney,  2.4   4.5  7.10 12.14 ,  3.3   9.8 18.11 22.14 , 86, 146,183,85,162,345,12,14,34,50,39,42,38,50,16,16,,123,228,8,10,50,4,7,200,100,167,367,22,14,34,46,25,66,37,39,16,16,6,126,240,14,22,27,7,15
2017-06-24 19:25:00,Western Bulldogs,North Melbourne,  6.4  10.8 13.14 15.17 ,  3.4   7.5  12.7 16.10 , 107, 106,219,87,162,381,15,17,49,83,37,54,40,36,26,14,5,148,226,10,21,44,8,12,166,68,145,311,16,10,36,79,36,55,35,48,14,26,1,133,172,13,12,29,4,11
2017-06-24 17:40:00,West Coast,Melbourne,  2.5   5.7 11.10 14.12 ,  3.1   6.6  10.8  15.9 , 96, 99,197,76,154,351,14,12,41,78,26,57,46,47,27,16,,157,197,17,11,43,2,11,174,61,238,412,15,9,55,64,40,47,49,63,16,27,6,167,248,8,11,47,6,11
2017-06-25 13:10:00,Geelong,Fremantle,  2.0   4.5   7.9 10.14 ,  1.1   8.3  11.4  11.6 , 74, 72,202,85,185,387,10,14,46,106,34,57,40,65,24,20,4,159,242,14,12,53,5,6,208,75,163,371,11,6,48,84,46,47,37,66,20,24,2,142,228,6,4,67,13,9
2017-06-25 15:20:00,Richmond,Carlton,  3.3  5.10  7.13 11.18 ,  4.1   4.2   6.6  8.10 , 84, 58,193,96,175,368,11,18,25,62,28,62,25,61,23,21,3,129,250,12,24,34,11,9,194,103,134,328,8,10,43,48,43,41,35,54,21,23,3,123,205,15,12,39,7,5
2017-06-25 16:40:00,St Kilda,Gold Coast,  3.6  8.11 10.14 14.19 ,  4.2   7.5   8.9 10.12 , 103, 72,208,98,168,376,14,19,31,75,34,53,30,38,19,15,4,125,251,7,17,33,3,10,222,126,182,404,10,12,36,55,37,49,32,55,15,19,2,124,283,10,12,41,13,9
2017-06-30 19:50:00,Melbourne,Sydney,  4.0   4.1   5.4   7.8 ,  1.8  5.15  8.16 11.19 , 50, 85,171,68,176,347,7,8,37,70,39,39,27,54,20,21,,124,217,10,4,49,3,3,254,126,185,439,11,19,29,65,30,54,38,54,21,20,6,157,279,14,17,50,3,9
2017-07-01 13:45:00,Western Bulldogs,West Coast,  3.2   4.5   7.9 11.14 ,  4.6   6.9 11.13 12.15 , 80, 87,204,78,161,365,11,14,54,80,38,55,29,67,19,25,,152,209,13,9,62,4,8,206,84,168,374,12,15,32,61,36,60,45,57,25,19,6,148,230,17,15,63,4,11
2017-07-01 14:10:00,Carlton,Adelaide,  1.0   5.1   8.2  12.5 ,  4.0   6.1   9.7 13.11 , 77, 89,240,117,154,394,12,5,51,83,33,50,33,46,20,15,4,151,243,23,12,52,14,6,185,73,168,353,13,11,40,87,35,50,38,50,15,20,2,140,218,10,12,35,5,8
2017-07-01 16:35:00,Gold Coast,North Melbourne,  6.3  11.5  13.6 18.10 ,  4.5   5.8  8.13 14.15 , 118, 99,226,88,185,411,18,10,50,64,39,60,56,53,19,12,6,154,255,9,14,55,13,14,179,66,161,340,14,15,50,64,39,56,31,38,12,19,,142,206,8,14,55,4,11
2017-07-01 19:10:00,Port Adelaide,Richmond,  1.6  5.11  6.14  8.15 ,  1.4   3.8  7.10 11.10 , 63, 76,250,122,147,397,8,15,52,67,39,67,42,63,18,12,1,166,230,22,12,51,3,5,209,92,187,396,11,10,29,79,52,52,36,60,12,18,5,138,250,9,9,44,13,9
2017-07-02 13:10:00,Essendon,Brisbane Lions,  3.5  4.10  9.13 11.16 ,  1.3   4.5   7.6 13.12 , 82, 90,177,72,205,382,11,16,27,71,28,61,34,61,16,26,1,131,247,9,13,46,11,11,215,104,199,414,13,12,40,58,48,43,35,57,26,16,5,145,276,11,12,32,6,8
2017-07-02 15:20:00,Hawthorn,Collingwood,  6.2   9.3  12.6 18.10 ,  3.2   8.3  12.8 14.10 , 118, 94,242,131,211,453,18,10,35,71,40,54,40,46,11,6,4,141,315,9,17,47,8,12,220,115,185,405,14,10,38,72,31,56,35,55,6,11,2,129,272,13,12,32,10,11
2017-07-02 14:40:00,Fremantle,St Kilda,  4.3   7.5  10.7  12.8 ,  1.5   6.8  8.14 12.17 , 80, 89,224,117,195,419,12,8,35,76,32,47,31,58,17,18,4,150,271,16,6,38,4,9,198,84,190,388,12,17,51,74,34,48,35,49,18,17,2,144,241,9,17,33,13,11
2017-07-07 19:20:00,Adelaide,Western Bulldogs,  2.2   5.5  12.5  16.8 ,  2.4   4.8  4.11  5.15 , 104, 45,248,127,148,396,16,8,41,84,47,54,21,49,18,23,6,151,256,20,16,69,5,12,210,60,156,366,5,15,23,75,33,57,42,54,23,18,,157,203,4,9,49,,3
2017-07-08 14:10:00,Collingwood,Essendon,  2.3   4.6   9.7  12.8 ,  5.0   9.3  13.6  18.9 , 80, 117,204,96,171,375,12,8,40,51,35,53,29,50,22,16,,130,248,8,11,49,5,9,227,113,211,438,18,9,29,59,40,54,37,47,16,22,6,143,294,11,13,43,15,10
2017-07-08 16:35:00,Sydney,Gold Coast,  4.3  10.5 14.10 17.16 ,  5.2   5.6   5.6   7.9 , 118, 51,223,99,175,398,17,16,31,72,35,53,37,52,13,14,6,156,244,17,20,35,2,9,222,106,134,356,7,9,50,73,31,44,32,48,14,13,,133,212,6,10,42,5,5
2017-07-08 19:25:00,Brisbane Lions,Geelong,  3.5   6.6  11.8 11.12 ,  5.2  15.6  20.9 25.13 , 78, 163,179,80,140,319,11,12,42,64,39,49,37,59,21,22,1,116,195,6,4,38,2,6,235,112,173,408,25,13,34,55,34,67,46,58,22,21,5,158,258,13,26,33,15,17
2017-07-08 19:25:00,St Kilda,Richmond,  5.3  14.8  19.8 21.12 ,  1.3   1.4   4.9 10.11 , 138, 71,221,109,208,429,21,12,47,66,34,64,34,61,18,15,6,142,286,21,19,43,11,15,175,93,144,319,10,11,18,54,36,45,29,56,15,18,,128,201,13,20,38,4,7
2017-07-09 13:10:00,North Melbourne,Fremantle,  1.2   6.3   8.4 12.10 ,  4.3   9.4   9.6  13.8 , 82, 86,205,89,189,394,12,10,47,79,37,52,42,44,17,16,2,148,257,11,13,42,8,8,197,99,147,344,13,8,37,76,36,50,33,38,16,17,4,126,224,11,14,44,9,12
2017-07-09 15:20:00,Carlton,Melbourne,  4.3   7.5   9.8 12.10 ,  1.2   7.4  11.5  14.6 , 82, 90,246,116,160,406,12,10,34,78,29,48,40,49,18,15,4,166,241,20,12,45,8,9,186,69,179,365,14,6,47,68,36,45,32,55,15,18,2,141,222,7,9,58,5,9
2017-07-09 14:40:00,West Coast,Port Adelaide,  4.4   7.7  10.8 13.10 ,  4.0   6.2  10.8 18.12 , 88, 120,176,75,148,324,13,10,33,51,36,42,40,48,22,16,,128,197,14,13,39,6,8,202,98,159,361,18,12,50,63,24,60,44,56,16,22,6,134,233,15,21,48,10,14
2017-07-14 19:50:00,St Kilda,Essendon,  0.2   2.6  4.11  7.15 ,  2.5  6.10 13.12 17.16 , 57, 118,193,90,183,376,7,15,25,50,41,44,32,48,11,14,,120,251,12,10,32,5,6,256,138,186,442,17,16,32,68,34,61,29,53,14,11,6,135,295,19,20,27,11,12
2017-07-15 13:45:00,Geelong,Hawthorn,  3.3   6.7  11.9 13.10 ,  3.2   7.6  9.10 12.13 , 88, 85,194,94,166,360,13,10,32,61,36,46,26,53,25,21,3,131,233,13,14,48,5,11,201,100,198,399,12,13,33,52,28,55,36,55,21,25,3,139,268,10,12,50,11,11
2017-07-15 13:40:00,Port Adelaide,North Melbourne,  8.1  11.4  14.9 19.13 ,  2.0   5.3   6.5   8.9 , 127, 57,236,108,173,409,19,13,47,58,28,55,49,65,22,28,6,161,247,14,22,46,7,13,170,70,162,332,8,9,43,91,31,39,30,54,28,22,,125,202,10,6,41,2,4
2017-07-15 16:35:00,Gold Coast,Collingwood,  2.1   7.5  10.8 13.10 ,  5.4   7.5  10.9 15.13 , 88, 103,196,78,136,332,13,10,43,74,43,44,43,66,20,23,2,136,188,6,8,64,5,7,216,77,192,408,15,13,47,75,24,63,45,53,23,20,4,160,246,6,15,51,3,12
2017-07-15 19:25:00,Greater Western Sydney,Sydney,  2.4   5.6   8.8 12.11 ,  4.4   7.5  10.9 14.12 , 83, 96,209,69,168,377,12,11,51,74,30,59,56,61,24,27,1,160,215,10,5,49,11,4,201,68,146,347,14,12,47,87,45,50,32,61,27,24,5,152,200,7,6,51,2,8
2017-07-15 19:10:00,Melbourne,Adelaide,  1.3   5.3   9.7 10.10 ,  7.2  11.6 12.11 17.14 , 70, 116,197,67,196,393,10,10,42,58,30,55,37,63,24,17,,150,234,4,10,42,9,7,224,94,170,394,17,14,50,67,40,52,45,61,17,24,6,150,245,7,18,43,3,14
2017-07-16 13:10:00,Richmond,Brisbane Lions,  4.4   5.8  9.13 16.16 ,  1.3   4.6   6.8  12.9 , 112, 81,212,90,187,399,16,16,35,54,23,67,41,66,17,22,6,143,262,10,13,44,16,13,198,103,134,332,12,9,33,60,47,39,26,53,22,17,,113,217,13,10,51,4,8
2017-07-16 15:20:00,Carlton,Western Bulldogs,  3.2   4.4   6.6   9.8 ,  2.4   7.7  10.8 12.10 , 62, 82,224,113,136,360,9,8,54,58,36,40,32,51,21,19,1,128,235,9,14,35,3,9,213,97,215,428,12,10,19,61,29,50,33,57,19,21,5,138,281,15,11,46,11,9
2017-07-16 14:40:00,Fremantle,West Coast,  0.3   2.8  3.13  5.14 ,  4.1   5.4   9.6  11.8 , 44, 74,204,87,168,372,5,14,35,65,33,57,40,53,19,11,1,135,233,8,7,39,6,5,244,143,180,424,11,8,43,50,48,46,28,56,11,19,5,135,301,15,11,41,11,7
2017-07-21 19:20:00,Adelaide,Geelong,  5.2   9.5  13.9 13.13 ,  1.4   4.6   7.8 10.10 , 91, 70,214,91,132,346,13,13,39,70,31,48,47,63,30,31,5,154,186,12,13,59,2,6,163,63,165,328,10,10,37,89,26,42,27,57,31,30,1,145,186,16,11,35,6,8
2017-07-22 13:45:00,Essendon,North Melbourne,  4.2   8.3  13.8 20.12 ,  4.4   8.5  12.7  16.9 , 132, 105,191,65,183,374,20,12,44,63,41,57,50,63,22,22,4,162,219,14,12,46,5,13,225,125,152,377,16,9,36,51,33,61,27,58,22,22,2,135,239,22,18,44,10,9
2017-07-22 14:10:00,Melbourne,Port Adelaide,  4.4   8.8  11.8 13.10 ,  0.3   3.6  6.10  9.11 , 88, 65,221,86,200,421,13,10,34,88,34,62,44,63,26,18,4,177,243,8,6,48,9,6,190,71,154,344,9,11,50,94,45,45,32,63,18,26,2,148,213,9,7,65,10,8
2017-07-22 16:35:00,Western Bulldogs,Gold Coast,  4.4   7.6  10.9 16.14 ,  3.2   4.4   8.7   8.8 , 110, 56,232,119,176,408,16,14,27,59,30,63,30,46,24,13,6,139,274,12,19,42,18,14,190,94,149,339,8,8,44,60,42,41,31,64,13,24,,116,230,5,7,45,5,5
2017-07-22 19:25:00,Sydney,St Kilda,  3.5   7.8 11.14 14.17 ,  1.2   3.2   5.4   9.5 , 101, 59,202,90,158,360,14,17,27,53,25,65,35,59,15,22,6,156,211,23,16,65,2,12,209,93,193,402,9,5,48,54,45,37,28,53,22,15,,146,264,12,5,38,3,8
2017-07-22 17:40:00,Fremantle,Hawthorn,  2.0   3.4   5.5   7.6 ,  4.3   6.6   9.9 15.10 , 48, 100,205,94,151,356,7,6,35,58,33,39,35,52,15,16,,132,226,8,9,50,2,6,237,130,209,446,15,10,32,55,27,49,23,43,16,15,6,127,314,16,13,51,6,15
2017-07-23 13:10:00,Richmond,Greater Western Sydney,  0.2   4.6   8.8  9.10 ,  3.4   3.5   4.5   6.9 , 64, 45,219,71,105,324,9,10,31,65,40,61,37,68,25,33,5,131,181,7,9,72,7,5,242,92,147,389,6,9,44,57,47,51,37,77,33,25,1,154,230,11,11,65,1,4
2017-07-23 15:20:00,Collingwood,West Coast,  3.4   5.6  8.11 13.15 ,  4.2   7.3  12.5  13.7 , 93, 85,206,78,170,376,13,15,46,68,29,56,37,50,24,14,4,141,235,6,11,44,9,7,212,117,136,348,13,7,31,61,39,45,29,54,14,24,2,116,226,11,16,50,5,11
2017-07-23 16:40:00,Brisbane Lions,Carlton,  6.1  12.5  13.7 17.10 ,  0.4   3.6  7.13 11.16 , 112, 82,231,137,150,381,17,10,33,47,41,55,33,37,19,12,6,111,273,10,14,44,11,15,199,79,93,292,11,16,30,48,34,56,31,52,12,19,,129,159,15,17,44,7,9
2017-07-28 19:50:00,Hawthorn,Sydney,  4.3   8.6   8.8 10.12 ,  2.7   4.9  6.10  9.12 , 72, 66,241,127,155,396,10,12,28,65,26,48,27,50,20,20,5,133,255,21,13,40,6,8,193,81,162,355,9,12,39,67,39,43,28,46,20,20,1,123,228,5,5,42,6,7
2017-07-29 13:45:00,North Melbourne,Melbourne,  4.4   6.4   9.8 11.10 ,  2.0   8.5   8.8 10.12 , 76, 72,178,56,190,368,11,10,41,78,44,48,46,60,24,17,3,164,205,14,12,42,4,8,191,64,204,395,10,12,56,75,35,59,45,71,17,24,3,160,231,13,8,42,12,3
2017-07-29 14:10:00,Greater Western Sydney,Fremantle,  3.5   6.7  8.11 13.20 ,  3.3   6.6  11.8  13.8 , 98, 86,215,95,152,367,13,20,58,59,30,51,45,49,16,18,1,137,236,12,11,38,11,11,216,126,137,353,13,8,31,63,34,45,32,33,18,16,5,110,242,15,12,36,3,11
2017-07-29 16:05:00,Port Adelaide,St Kilda,  2.3   3.5   5.7   9.9 ,  1.3   2.8  3.12  8.13 , 63, 61,230,83,109,339,9,9,51,72,45,60,35,84,19,28,5,151,173,16,11,51,1,4,198,62,161,359,8,13,33,75,50,54,43,57,28,19,1,153,197,13,8,58,5,5
2017-07-29 19:25:00,Carlton,Geelong,  3.0   4.3   5.8  8.10 ,  5.7  9.10 13.12 18.15 , 58, 123,181,72,97,278,8,10,38,85,43,39,39,55,28,20,,129,144,10,7,42,8,7,222,121,213,435,18,15,38,69,27,65,31,54,20,28,6,134,299,9,20,42,8,13
2017-07-29 19:25:00,Gold Coast,Richmond,  4.2   5.3   8.4  10.5 ,  3.4   8.8 11.11 14.14 , 65, 98,203,94,138,341,10,5,38,59,30,34,30,60,26,20,2,135,200,7,9,36,5,5,212,84,162,374,14,14,35,73,23,45,36,63,20,26,4,139,225,10,17,38,6,9
2017-07-30 13:10:00,Western Bulldogs,Essendon,  5.4   8.9 15.10 19.13 ,  4.5  7.10 11.15 13.19 , 127, 97,227,107,147,374,19,13,25,38,28,53,36,43,21,16,4,137,233,7,16,35,9,10,202,109,195,397,13,19,40,55,34,50,22,58,16,21,2,124,274,12,13,49,8,8
2017-07-30 14:40:00,West Coast,Brisbane Lions,  4.1   9.4  12.7 17.11 ,  3.2   3.5   5.8   6.9 , 113, 45,236,103,163,399,17,11,38,63,34,58,50,63,19,24,4,152,250,5,17,52,18,11,216,94,212,428,6,9,55,79,38,43,38,52,24,19,2,135,281,8,5,39,3,5
2017-08-04 19:50:00,Geelong,Sydney,  2.3   5.6   7.8  8.13 ,  7.5  10.5  11.9 16.11 , 61, 107,205,99,170,375,8,13,39,83,24,48,43,61,25,25,1,149,239,10,12,37,7,5,194,71,137,331,16,11,35,84,39,47,32,61,25,25,5,144,176,12,11,49,4,10
2017-08-05 13:45:00,Greater Western Sydney,Melbourne,  8.6  10.7 13.12 14.13 ,  3.0   5.1   7.1  10.2 , 97, 62,206,53,181,387,14,13,58,119,45,53,60,60,23,19,4,159,229,1,10,64,13,10,189,71,226,415,10,2,56,86,33,55,43,60,19,23,2,173,246,14,5,41,12,7
2017-08-05 14:10:00,Essendon,Carlton,  5.5   5.8  7.14 11.18 ,  2.1   4.4   9.5 11.10 , 84, 76,190,78,177,367,11,18,33,57,35,53,28,48,20,17,4,132,232,10,12,41,11,6,229,102,124,353,11,10,40,67,38,51,42,61,17,20,2,133,213,12,14,50,12,7
2017-08-05 16:35:00,Brisbane Lions,Western Bulldogs,  2.2   7.6  11.9 13.11 ,  6.6  8.11  8.16 14.19 , 89, 103,194,96,138,332,13,11,45,52,41,37,30,39,17,9,2,118,211,14,12,46,4,12,225,99,166,391,14,19,31,52,22,64,45,35,9,17,4,126,255,8,19,36,15,12
2017-08-05 19:25:00,North Melbourne,Collingwood,  1.5   1.9  4.11  7.15 ,  2.7  5.11 11.12 16.15 , 57, 111,186,100,196,382,7,15,24,48,28,54,33,67,16,21,1,112,273,10,12,31,2,4,248,136,199,447,16,15,33,50,42,49,25,57,21,16,5,124,316,9,17,32,17,11
2017-08-05 17:40:00,Fremantle,Gold Coast,  3.5   7.8 11.12 12.18 ,  4.0   5.4   8.7  10.7 , 90, 67,233,126,141,374,12,18,36,76,35,48,38,37,15,17,6,109,257,8,12,40,8,6,217,94,175,392,10,7,46,42,30,49,33,47,17,16,,146,243,5,10,40,6,7
2017-08-06 13:10:00,St Kilda,West Coast,  3.2   7.5  10.7 15.13 ,  3.5   7.8 10.10 14.11 , 103, 95,236,107,191,427,15,13,53,83,28,62,42,45,21,12,4,162,272,16,18,39,14,12,188,84,152,340,14,11,23,51,42,46,30,55,12,21,2,128,222,5,12,63,8,12
2017-08-06 15:20:00,Richmond,Hawthorn,  5.4   6.8  9.10 13.15 ,  1.3   2.5   4.8  9.10 , 93, 64,213,91,190,403,13,15,42,58,34,47,32,55,16,18,5,147,243,8,20,50,11,11,187,94,183,370,9,10,36,69,26,46,36,60,18,16,1,137,229,15,13,32,9,5
2017-08-06 16:10:00,Adelaide,Port Adelaide,  1.9  5.15 12.18 18.22 ,  1.1   1.3   4.4   7.4 , 130, 46,250,90,157,407,18,22,44,83,24,81,55,60,27,20,6,181,233,19,17,53,2,12,164,48,143,307,7,4,49,81,48,31,35,75,20,27,,135,167,6,3,52,2,5
2017-08-11 19:50:00,Western Bulldogs,Greater Western Sydney,  3.1   6.7  6.12  7.15 ,  4.5   7.5  13.8  16.9 , 57, 105,177,83,154,331,7,15,32,58,16,65,30,36,20,11,,116,215,9,14,28,6,4,221,110,164,385,16,9,41,62,54,34,35,55,11,20,6,138,247,13,15,44,8,7
2017-08-12 13:45:00,Sydney,Fremantle,  8.2  13.6  17.7 22.11 ,  1.1   1.3   4.5   5.9 , 143, 39,230,125,177,407,22,11,32,63,46,61,28,47,21,14,6,134,278,17,19,43,7,16,172,75,120,292,5,9,32,48,33,53,31,53,14,21,,123,175,10,8,44,2,4
2017-08-12 14:10:00,Geelong,Richmond,  3.2   8.5   8.9 11.14 ,  3.4   4.5   7.9  9.12 , 80, 66,189,76,171,360,11,14,45,72,37,58,35,50,28,17,5,150,209,11,8,46,10,7,190,83,152,342,9,12,46,84,40,55,41,59,17,28,1,132,208,11,10,52,4,5
2017-08-12 16:35:00,Brisbane Lions,Gold Coast,  3.2   9.4  15.6 22.10 ,  6.5   8.9   9.9 12.12 , 142, 84,219,105,163,382,22,10,39,52,37,50,41,51,23,23,6,136,245,11,22,52,2,19,195,86,141,336,12,12,37,62,23,51,37,55,23,23,,136,203,10,11,43,6,8
2017-08-12 19:25:00,Essendon,Adelaide,  2.2   5.4   9.7  12.8 ,  5.3  10.6  14.9 18.15 , 80, 123,207,99,170,377,12,8,33,61,41,47,30,51,14,21,,127,248,11,8,46,7,9,231,119,156,387,18,15,35,68,31,62,30,40,21,14,6,144,243,24,22,36,13,15
2017-08-12 17:40:00,West Coast,Carlton,  4.0   9.2  10.4 15.10 ,  3.3   3.7  9.10 12.11 , 100, 83,196,78,145,341,15,10,44,45,38,46,39,58,23,27,2,137,210,11,10,34,4,9,223,99,146,369,12,11,38,65,28,55,37,58,27,23,4,123,247,8,14,34,7,11
2017-08-13 13:10:00,Melbourne,St Kilda,  6.3   9.6  10.9 14.12 ,  1.1   4.4  8.11 10.12 , 96, 72,212,100,211,423,14,12,23,58,38,62,27,45,20,20,5,159,274,10,15,55,12,12,203,85,190,393,10,12,34,70,43,55,31,62,20,20,1,151,245,12,13,44,11,7
2017-08-13 15:20:00,Hawthorn,North Melbourne,  5.3  10.5  15.5  18.8 ,  3.1   5.2  12.4  14.5 , 116, 89,226,121,189,415,18,8,26,60,31,47,30,45,17,23,6,122,292,15,19,44,6,16,205,93,171,376,14,5,47,55,25,49,37,55,23,17,,135,244,13,9,31,6,7
2017-08-13 16:10:00,Port Adelaide,Collingwood,  2.4   7.8 10.11 14.14 ,  1.3   4.4   8.8 10.11 , 98, 71,203,107,199,402,14,14,34,48,31,53,34,50,19,17,5,126,279,7,22,55,2,11,204,113,163,367,10,11,35,64,34,45,38,55,17,19,1,133,246,14,12,22,7,6
2017-08-18 19:20:00,Adelaide,Sydney,  2.2   5.5  8.10 11.14 ,  5.1   7.1  11.3  13.5 , 80, 83,232,85,178,410,11,14,53,87,26,63,36,54,28,14,2,186,231,13,14,60,2,9,210,67,149,359,13,5,42,93,51,42,41,72,14,28,4,165,184,12,12,60,6,7
2017-08-19 13:45:00,Western Bulldogs,Port Adelaide,  3.3   6.5  9.11 11.13 ,  2.2   5.5  8.10 14.12 , 79, 96,180,59,203,383,11,13,32,75,41,51,39,44,26,19,1,151,237,11,4,62,5,5,217,102,153,370,14,12,61,93,38,60,39,53,19,26,5,150,231,17,12,52,4,10
2017-08-19 14:10:00,Collingwood,Geelong,  6.1   7.2   9.4   9.5 ,  2.2   6.5   8.6 10.10 , 59, 70,205,97,153,358,9,5,50,103,44,38,36,53,22,15,1,146,212,13,7,33,7,7,203,104,192,395,10,10,40,78,29,60,38,57,15,22,5,142,265,11,17,45,8,6
2017-08-19 16:35:00,Greater Western Sydney,West Coast,  2.1   7.4   8.6  12.9 ,  3.1   6.3   8.5   9.6 , 81, 60,230,94,187,417,12,9,36,48,38,59,34,54,22,29,5,144,269,12,13,56,15,12,208,91,144,352,9,6,47,59,43,48,42,57,29,22,1,136,218,9,11,51,6,7
2017-08-19 19:25:00,Carlton,Hawthorn,  4.4   6.4  10.4  12.5 ,  1.1   5.7   8.8 10.10 , 77, 70,238,114,157,395,12,5,38,65,41,42,31,46,25,21,3,132,262,3,10,54,7,9,206,95,184,390,10,10,38,71,28,54,44,51,22,25,3,130,267,8,6,44,16,9
2017-08-19 19:25:00,Gold Coast,Essendon,  3.1   6.1   8.1   9.3 ,  4.2   6.8  8.11 12.18 , 57, 90,202,95,144,346,9,3,27,52,51,30,29,55,20,18,,121,223,10,6,57,11,5,243,127,175,418,12,18,38,67,20,71,36,54,18,20,6,147,275,15,16,53,8,9
2017-08-20 13:10:00,Melbourne,Brisbane Lions,  3.3   6.6  11.8  16.8 ,  2.3   6.3   9.5  14.7 , 104, 91,194,92,192,386,16,8,47,68,28,51,36,57,16,14,4,139,248,11,18,38,9,14,210,110,169,379,14,7,34,61,35,45,35,49,14,16,2,128,250,20,14,48,1,11
2017-08-20 15:20:00,St Kilda,North Melbourne,  4.3  8.14 14.17 18.19 ,  5.2   6.3   8.5  12.6 , 127, 78,201,98,231,432,18,19,34,70,29,61,45,37,12,12,6,132,304,7,15,38,12,15,179,86,197,376,12,6,37,64,38,44,26,48,12,12,,138,228,16,18,40,7,9
2017-08-20 14:40:00,Fremantle,Richmond,  3.4   3.5   5.8   7.9 ,  3.0  11.2  18.5  25.5 , 51, 155,166,61,141,307,7,9,52,73,24,41,37,61,14,21,,135,176,9,7,37,4,4,227,106,210,437,25,5,33,77,31,50,41,42,21,14,6,153,286,9,14,52,13,13
2017-08-25 19:50:00,Hawthorn,Western Bulldogs,  5.3   9.5  12.6  15.9 ,  4.2   7.4  10.7 13.12 , 99, 90,229,115,200,429,15,9,33,73,32,40,46,33,15,10,4,126,303,10,17,40,,9,180,90,193,373,13,12,54,46,22,50,23,46,10,15,2,125,256,11,14,40,10,10
2017-08-26 13:45:00,Collingwood,Melbourne,  6.5   9.6 12.10 14.15 ,  1.3   4.8  9.10 12.11 , 99, 83,231,118,154,385,14,15,24,70,38,48,34,58,16,12,6,137,244,12,16,43,13,7,211,99,198,409,12,11,37,51,29,56,32,69,12,16,,133,282,9,14,53,10,12
2017-08-26 14:10:00,Brisbane Lions,North Melbourne,  5.0   5.5   8.9 11.13 ,  1.8   5.9 13.12 19.16 , 79, 130,198,105,164,362,11,13,42,52,38,50,29,57,14,20,1,125,238,12,15,39,4,8,255,123,145,400,19,16,34,56,35,65,47,50,20,14,5,143,258,9,15,43,15,11
2017-08-26 16:35:00,Sydney,Carlton,  3.4   6.7 13.10 21.12 ,  1.0   5.1   8.4   8.9 , 138, 57,221,108,154,375,21,12,32,63,40,65,41,46,25,18,6,139,230,17,19,46,9,13,223,111,123,346,8,9,43,53,43,51,28,62,18,24,,131,215,11,6,37,10,3
2017-08-26 19:25:00,Geelong,Greater Western Sydney,  5.3   6.7 12.11 15.13 ,  3.1   5.6   6.7  8.11 , 103, 59,208,99,169,377,15,13,29,71,36,49,32,48,22,25,5,148,233,15,18,35,13,8,190,80,159,349,8,11,42,76,34,51,38,57,25,22,1,124,232,4,9,43,4,6
2017-08-26 19:10:00,Port Adelaide,Gold Coast,  2.3   9.6 14.12 20.15 ,  2.1   2.1   2.1   3.2 , 135, 20,244,119,179,423,20,15,42,66,25,77,33,50,15,14,6,163,265,16,18,44,4,15,190,99,174,364,3,2,25,58,53,29,32,59,14,15,,121,236,8,2,35,11,2
2017-08-27 13:10:00,Essendon,Fremantle,  4.3   8.5  14.8 16.11 ,  3.1   5.3   9.6  14.8 , 107, 92,242,125,173,415,16,11,40,57,29,63,41,42,28,15,5,147,271,14,12,38,9,11,179,81,146,325,14,8,40,64,41,44,32,52,15,28,1,127,204,14,11,56,2,5
2017-08-27 15:20:00,Richmond,St Kilda,  4.2  11.5  12.7  19.8 ,  1.2   4.3   8.6  12.9 , 122, 81,219,101,172,391,19,8,32,64,34,58,34,53,18,16,6,144,244,11,13,39,8,15,190,66,204,394,12,9,48,63,36,52,44,63,16,18,,158,239,12,12,44,6,10
2017-08-27 14:40:00,West Coast,Adelaide,  4.1   8.4  13.5 15.10 ,  1.1   5.5  7.10 10.11 , 100, 71,231,108,161,392,15,10,42,59,37,50,33,50,23,12,4,152,245,20,9,49,9,8,202,87,213,415,10,11,54,62,32,53,50,53,12,23,2,142,284,5,7,39,11,8
